set nocount on
GO
USE [ValisSurveys]
GO

delete from [dbo].[LibraryColumns_Texts]
delete from [dbo].[LibraryColumns]
delete from [dbo].[LibraryOptions_Texts]
delete from [dbo].[LibraryOptions]
delete from [dbo].[LibraryQuestions_Texts]
delete from [dbo].[LibraryQuestions]
delete from [dbo].[LibraryQuestionCategories_Texts]
delete from [dbo].[LibraryQuestionCategories]


DBCC CHECKIDENT (LibraryQuestionCategories, reseed, 0)
DBCC CHECKIDENT (LibraryQuestions, reseed, 0)


SET IDENTITY_INSERT dbo.LibraryQuestionCategories ON
insert into [dbo].[LibraryQuestionCategories] ([CategoryId],[AttributeFlags],[CreationDT],[CreatedBy],[LastUpdateDT],[LastUpdatedBy]) values(1,1, GETUTCDATE(), 0, GETUTCDATE(), 0);
insert into [dbo].[LibraryQuestionCategories_Texts] ([CategoryId],[Language],[Name]) values(1, 0/*Invariant*/, N'Common questions');
insert into [dbo].[LibraryQuestionCategories_Texts] ([CategoryId],[Language],[Name]) values(1, 19/*Bulgarian*/, N'Често задавани въпроси');
insert into [dbo].[LibraryQuestionCategories_Texts] ([CategoryId],[Language],[Name]) values(1, 33/*English*/, N'Common questions');
insert into [dbo].[LibraryQuestionCategories_Texts] ([CategoryId],[Language],[Name]) values(1, 38/*French*/, N'Questions fréquentes');
insert into [dbo].[LibraryQuestionCategories_Texts] ([CategoryId],[Language],[Name]) values(1, 42/*German*/, N'Häufig gestellte Fragen');
insert into [dbo].[LibraryQuestionCategories_Texts] ([CategoryId],[Language],[Name]) values(1, 43/*Greek*/, N'Συχνές ερωτήσεις');
insert into [dbo].[LibraryQuestionCategories_Texts] ([CategoryId],[Language],[Name]) values(1, 101/*Russian*/, N'Общие вопросы');
SET IDENTITY_INSERT dbo.LibraryQuestionCategories OFF



SET IDENTITY_INSERT [dbo].[LibraryQuestions] ON 
INSERT [dbo].[LibraryQuestions] ([QuestionId], [Category], [QuestionType], [IsRequired], [RequiredBehavior], [RequiredMinLimit], [RequiredMaxLimit], [AttributeFlags], [ValidationBehavior], [ValidationField1], [ValidationField2], [ValidationField3], [RegularExpression], [RandomBehavior], [OtherFieldType], [OtherFieldRows], [OtherFieldChars], [OptionsSequence], [ColumnsSequence], [RangeStart], [RangeEnd], [CreationDT], [CreatedBy], [LastUpdateDT], [LastUpdatedBy]) VALUES (1, 1, 10, 0, NULL, NULL, NULL, 0, 0, NULL, NULL, NULL, NULL, NULL, NULL, NULL, NULL, 7, 0, NULL, NULL,  GETUTCDATE(), 0, GETUTCDATE(), 0);
INSERT [dbo].[LibraryQuestions_Texts] ([QuestionId], [Language], [QuestionText], [Description], [HelpText], [FrontLabelText], [AfterLabelText], [InsideText], [RequiredMessage], [ValidationMessage], [OtherFieldLabel]) VALUES (1, 0, N'What is your age?', NULL, NULL, NULL, NULL, NULL, NULL, NULL, NULL)
INSERT [dbo].[LibraryQuestions_Texts] ([QuestionId], [Language], [QuestionText], [Description], [HelpText], [FrontLabelText], [AfterLabelText], [InsideText], [RequiredMessage], [ValidationMessage], [OtherFieldLabel]) VALUES (1, 19, N'Каква е вашата възраст?', NULL, NULL, NULL, NULL, NULL, NULL, NULL, NULL)
INSERT [dbo].[LibraryQuestions_Texts] ([QuestionId], [Language], [QuestionText], [Description], [HelpText], [FrontLabelText], [AfterLabelText], [InsideText], [RequiredMessage], [ValidationMessage], [OtherFieldLabel]) VALUES (1, 33, N'What is your age?', NULL, NULL, NULL, NULL, NULL, NULL, NULL, NULL)
INSERT [dbo].[LibraryQuestions_Texts] ([QuestionId], [Language], [QuestionText], [Description], [HelpText], [FrontLabelText], [AfterLabelText], [InsideText], [RequiredMessage], [ValidationMessage], [OtherFieldLabel]) VALUES (1, 38, N'Quel âge avez-vous?', NULL, NULL, NULL, NULL, NULL, NULL, NULL, NULL)
INSERT [dbo].[LibraryQuestions_Texts] ([QuestionId], [Language], [QuestionText], [Description], [HelpText], [FrontLabelText], [AfterLabelText], [InsideText], [RequiredMessage], [ValidationMessage], [OtherFieldLabel]) VALUES (1, 42, N'Wie alt?', NULL, NULL, NULL, NULL, NULL, NULL, NULL, NULL)
INSERT [dbo].[LibraryQuestions_Texts] ([QuestionId], [Language], [QuestionText], [Description], [HelpText], [FrontLabelText], [AfterLabelText], [InsideText], [RequiredMessage], [ValidationMessage], [OtherFieldLabel]) VALUES (1, 43, N'Ποιά είναι η ηλικία σας?', NULL, NULL, NULL, NULL, NULL, NULL, NULL, NULL)
INSERT [dbo].[LibraryQuestions_Texts] ([QuestionId], [Language], [QuestionText], [Description], [HelpText], [FrontLabelText], [AfterLabelText], [InsideText], [RequiredMessage], [ValidationMessage], [OtherFieldLabel]) VALUES (1, 101, N'Ваш возраст?', NULL, NULL, NULL, NULL, NULL, NULL, NULL, NULL)
	INSERT [dbo].[LibraryOptions] ([Question], [OptionId], [OptionType], [DisplayOrder], [OptionValue], [AttributeFlags]) VALUES (1, 1, 0, 1, 0, 0)
	INSERT [dbo].[LibraryOptions] ([Question], [OptionId], [OptionType], [DisplayOrder], [OptionValue], [AttributeFlags]) VALUES (1, 2, 0, 2, 0, 0)
	INSERT [dbo].[LibraryOptions] ([Question], [OptionId], [OptionType], [DisplayOrder], [OptionValue], [AttributeFlags]) VALUES (1, 3, 0, 3, 0, 0)
	INSERT [dbo].[LibraryOptions] ([Question], [OptionId], [OptionType], [DisplayOrder], [OptionValue], [AttributeFlags]) VALUES (1, 4, 0, 4, 0, 0)
	INSERT [dbo].[LibraryOptions] ([Question], [OptionId], [OptionType], [DisplayOrder], [OptionValue], [AttributeFlags]) VALUES (1, 5, 0, 5, 0, 0)
	INSERT [dbo].[LibraryOptions] ([Question], [OptionId], [OptionType], [DisplayOrder], [OptionValue], [AttributeFlags]) VALUES (1, 6, 0, 6, 0, 0)
	INSERT [dbo].[LibraryOptions] ([Question], [OptionId], [OptionType], [DisplayOrder], [OptionValue], [AttributeFlags]) VALUES (1, 7, 0, 7, 0, 0)
	INSERT [dbo].[LibraryOptions_Texts] ([Question], [OptionId], [Language], [OptionText]) VALUES (1, 1, 0, N'17 or younger')
	INSERT [dbo].[LibraryOptions_Texts] ([Question], [OptionId], [Language], [OptionText]) VALUES (1, 1, 19, N'17 or younger')
	INSERT [dbo].[LibraryOptions_Texts] ([Question], [OptionId], [Language], [OptionText]) VALUES (1, 1, 33, N'17 or younger')
	INSERT [dbo].[LibraryOptions_Texts] ([Question], [OptionId], [Language], [OptionText]) VALUES (1, 1, 38, N'17 or younger')
	INSERT [dbo].[LibraryOptions_Texts] ([Question], [OptionId], [Language], [OptionText]) VALUES (1, 1, 42, N'17 or younger')
	INSERT [dbo].[LibraryOptions_Texts] ([Question], [OptionId], [Language], [OptionText]) VALUES (1, 1, 43, N'17 or younger')
	INSERT [dbo].[LibraryOptions_Texts] ([Question], [OptionId], [Language], [OptionText]) VALUES (1, 1, 101, N'17 or younger')
	INSERT [dbo].[LibraryOptions_Texts] ([Question], [OptionId], [Language], [OptionText]) VALUES (1, 2, 0, N'18-20')
	INSERT [dbo].[LibraryOptions_Texts] ([Question], [OptionId], [Language], [OptionText]) VALUES (1, 2, 19, N'18-20')
	INSERT [dbo].[LibraryOptions_Texts] ([Question], [OptionId], [Language], [OptionText]) VALUES (1, 2, 33, N'18-20')
	INSERT [dbo].[LibraryOptions_Texts] ([Question], [OptionId], [Language], [OptionText]) VALUES (1, 2, 38, N'18-20')
	INSERT [dbo].[LibraryOptions_Texts] ([Question], [OptionId], [Language], [OptionText]) VALUES (1, 2, 42, N'18-20')
	INSERT [dbo].[LibraryOptions_Texts] ([Question], [OptionId], [Language], [OptionText]) VALUES (1, 2, 43, N'18-20')
	INSERT [dbo].[LibraryOptions_Texts] ([Question], [OptionId], [Language], [OptionText]) VALUES (1, 2, 101, N'18-20')
	INSERT [dbo].[LibraryOptions_Texts] ([Question], [OptionId], [Language], [OptionText]) VALUES (1, 3, 0, N'21-29')
	INSERT [dbo].[LibraryOptions_Texts] ([Question], [OptionId], [Language], [OptionText]) VALUES (1, 3, 19, N'21-29')
	INSERT [dbo].[LibraryOptions_Texts] ([Question], [OptionId], [Language], [OptionText]) VALUES (1, 3, 33, N'21-29')
	INSERT [dbo].[LibraryOptions_Texts] ([Question], [OptionId], [Language], [OptionText]) VALUES (1, 3, 38, N'21-29')
	INSERT [dbo].[LibraryOptions_Texts] ([Question], [OptionId], [Language], [OptionText]) VALUES (1, 3, 42, N'21-29')
	INSERT [dbo].[LibraryOptions_Texts] ([Question], [OptionId], [Language], [OptionText]) VALUES (1, 3, 43, N'21-29')
	INSERT [dbo].[LibraryOptions_Texts] ([Question], [OptionId], [Language], [OptionText]) VALUES (1, 3, 101, N'21-29')
	INSERT [dbo].[LibraryOptions_Texts] ([Question], [OptionId], [Language], [OptionText]) VALUES (1, 4, 0, N'30-39')
	INSERT [dbo].[LibraryOptions_Texts] ([Question], [OptionId], [Language], [OptionText]) VALUES (1, 4, 19, N'30-39')
	INSERT [dbo].[LibraryOptions_Texts] ([Question], [OptionId], [Language], [OptionText]) VALUES (1, 4, 33, N'30-39')
	INSERT [dbo].[LibraryOptions_Texts] ([Question], [OptionId], [Language], [OptionText]) VALUES (1, 4, 38, N'30-39')
	INSERT [dbo].[LibraryOptions_Texts] ([Question], [OptionId], [Language], [OptionText]) VALUES (1, 4, 42, N'30-39')
	INSERT [dbo].[LibraryOptions_Texts] ([Question], [OptionId], [Language], [OptionText]) VALUES (1, 4, 43, N'30-39')
	INSERT [dbo].[LibraryOptions_Texts] ([Question], [OptionId], [Language], [OptionText]) VALUES (1, 4, 101, N'30-39')
	INSERT [dbo].[LibraryOptions_Texts] ([Question], [OptionId], [Language], [OptionText]) VALUES (1, 5, 0, N'40-49')
	INSERT [dbo].[LibraryOptions_Texts] ([Question], [OptionId], [Language], [OptionText]) VALUES (1, 5, 19, N'40-49')
	INSERT [dbo].[LibraryOptions_Texts] ([Question], [OptionId], [Language], [OptionText]) VALUES (1, 5, 33, N'40-49')
	INSERT [dbo].[LibraryOptions_Texts] ([Question], [OptionId], [Language], [OptionText]) VALUES (1, 5, 38, N'40-49')
	INSERT [dbo].[LibraryOptions_Texts] ([Question], [OptionId], [Language], [OptionText]) VALUES (1, 5, 42, N'40-49')
	INSERT [dbo].[LibraryOptions_Texts] ([Question], [OptionId], [Language], [OptionText]) VALUES (1, 5, 43, N'40-49')
	INSERT [dbo].[LibraryOptions_Texts] ([Question], [OptionId], [Language], [OptionText]) VALUES (1, 5, 101, N'40-49')
	INSERT [dbo].[LibraryOptions_Texts] ([Question], [OptionId], [Language], [OptionText]) VALUES (1, 6, 0, N'50-59')
	INSERT [dbo].[LibraryOptions_Texts] ([Question], [OptionId], [Language], [OptionText]) VALUES (1, 6, 19, N'50-59')
	INSERT [dbo].[LibraryOptions_Texts] ([Question], [OptionId], [Language], [OptionText]) VALUES (1, 6, 33, N'50-59')
	INSERT [dbo].[LibraryOptions_Texts] ([Question], [OptionId], [Language], [OptionText]) VALUES (1, 6, 38, N'50-59')
	INSERT [dbo].[LibraryOptions_Texts] ([Question], [OptionId], [Language], [OptionText]) VALUES (1, 6, 42, N'50-59')
	INSERT [dbo].[LibraryOptions_Texts] ([Question], [OptionId], [Language], [OptionText]) VALUES (1, 6, 43, N'50-59')
	INSERT [dbo].[LibraryOptions_Texts] ([Question], [OptionId], [Language], [OptionText]) VALUES (1, 6, 101, N'50-59')
	INSERT [dbo].[LibraryOptions_Texts] ([Question], [OptionId], [Language], [OptionText]) VALUES (1, 7, 0, N'60 or older')
	INSERT [dbo].[LibraryOptions_Texts] ([Question], [OptionId], [Language], [OptionText]) VALUES (1, 7, 19, N'60 or older')
	INSERT [dbo].[LibraryOptions_Texts] ([Question], [OptionId], [Language], [OptionText]) VALUES (1, 7, 33, N'60 or older')
	INSERT [dbo].[LibraryOptions_Texts] ([Question], [OptionId], [Language], [OptionText]) VALUES (1, 7, 38, N'60 or older')
	INSERT [dbo].[LibraryOptions_Texts] ([Question], [OptionId], [Language], [OptionText]) VALUES (1, 7, 42, N'60 or older')
	INSERT [dbo].[LibraryOptions_Texts] ([Question], [OptionId], [Language], [OptionText]) VALUES (1, 7, 43, N'60 or older')
	INSERT [dbo].[LibraryOptions_Texts] ([Question], [OptionId], [Language], [OptionText]) VALUES (1, 7, 101, N'60 or older')



INSERT [dbo].[LibraryQuestions] ([QuestionId], [Category], [QuestionType], [IsRequired], [RequiredBehavior], [RequiredMinLimit], [RequiredMaxLimit], [AttributeFlags], [ValidationBehavior], [ValidationField1], [ValidationField2], [ValidationField3], [RegularExpression], [RandomBehavior], [OtherFieldType], [OtherFieldRows], [OtherFieldChars], [OptionsSequence], [ColumnsSequence], [RangeStart], [RangeEnd], [CreationDT], [CreatedBy], [LastUpdateDT], [LastUpdatedBy]) VALUES (2, 1, 10, 0, NULL, NULL, NULL, 0, 0, NULL, NULL, NULL, NULL, NULL, NULL, NULL, NULL, 2, 0, NULL, NULL,  GETUTCDATE(), 0, GETUTCDATE(), 0);
INSERT [dbo].[LibraryQuestions_Texts] ([QuestionId], [Language], [QuestionText], [Description], [HelpText], [FrontLabelText], [AfterLabelText], [InsideText], [RequiredMessage], [ValidationMessage], [OtherFieldLabel]) VALUES (2, 0, N'Are you male or female', NULL, NULL, NULL, NULL, NULL, NULL, NULL, NULL)
INSERT [dbo].[LibraryQuestions_Texts] ([QuestionId], [Language], [QuestionText], [Description], [HelpText], [FrontLabelText], [AfterLabelText], [InsideText], [RequiredMessage], [ValidationMessage], [OtherFieldLabel]) VALUES (2, 19, N'Вие сте мъж или жена', NULL, NULL, NULL, NULL, NULL, NULL, NULL, NULL)
INSERT [dbo].[LibraryQuestions_Texts] ([QuestionId], [Language], [QuestionText], [Description], [HelpText], [FrontLabelText], [AfterLabelText], [InsideText], [RequiredMessage], [ValidationMessage], [OtherFieldLabel]) VALUES (2, 33, N'Are you male or female', NULL, NULL, NULL, NULL, NULL, NULL, NULL, NULL)
INSERT [dbo].[LibraryQuestions_Texts] ([QuestionId], [Language], [QuestionText], [Description], [HelpText], [FrontLabelText], [AfterLabelText], [InsideText], [RequiredMessage], [ValidationMessage], [OtherFieldLabel]) VALUES (2, 38, N'Êtes-vous un homme ou une femme', NULL, NULL, NULL, NULL, NULL, NULL, NULL, NULL)
INSERT [dbo].[LibraryQuestions_Texts] ([QuestionId], [Language], [QuestionText], [Description], [HelpText], [FrontLabelText], [AfterLabelText], [InsideText], [RequiredMessage], [ValidationMessage], [OtherFieldLabel]) VALUES (2, 42, N'Sind Sie männlich oder weiblich', NULL, NULL, NULL, NULL, NULL, NULL, NULL, NULL)
INSERT [dbo].[LibraryQuestions_Texts] ([QuestionId], [Language], [QuestionText], [Description], [HelpText], [FrontLabelText], [AfterLabelText], [InsideText], [RequiredMessage], [ValidationMessage], [OtherFieldLabel]) VALUES (2, 43, N'Είστε άνδρας ή γυναίκα', NULL, NULL, NULL, NULL, NULL, NULL, NULL, NULL)
INSERT [dbo].[LibraryQuestions_Texts] ([QuestionId], [Language], [QuestionText], [Description], [HelpText], [FrontLabelText], [AfterLabelText], [InsideText], [RequiredMessage], [ValidationMessage], [OtherFieldLabel]) VALUES (2, 101, N'Вы мужчина или женщина', NULL, NULL, NULL, NULL, NULL, NULL, NULL, NULL)
	INSERT [dbo].[LibraryOptions] ([Question], [OptionId], [OptionType], [DisplayOrder], [OptionValue], [AttributeFlags]) VALUES (2, 1, 0, 1, 0, 0)
	INSERT [dbo].[LibraryOptions] ([Question], [OptionId], [OptionType], [DisplayOrder], [OptionValue], [AttributeFlags]) VALUES (2, 2, 0, 2, 0, 0)
	INSERT [dbo].[LibraryOptions_Texts] ([Question], [OptionId], [Language], [OptionText]) VALUES (2, 1, 0, N'Male')
	INSERT [dbo].[LibraryOptions_Texts] ([Question], [OptionId], [Language], [OptionText]) VALUES (2, 1, 19, N'Male')
	INSERT [dbo].[LibraryOptions_Texts] ([Question], [OptionId], [Language], [OptionText]) VALUES (2, 1, 33, N'Male')
	INSERT [dbo].[LibraryOptions_Texts] ([Question], [OptionId], [Language], [OptionText]) VALUES (2, 1, 38, N'Male')
	INSERT [dbo].[LibraryOptions_Texts] ([Question], [OptionId], [Language], [OptionText]) VALUES (2, 1, 42, N'Male')
	INSERT [dbo].[LibraryOptions_Texts] ([Question], [OptionId], [Language], [OptionText]) VALUES (2, 1, 43, N'Male')
	INSERT [dbo].[LibraryOptions_Texts] ([Question], [OptionId], [Language], [OptionText]) VALUES (2, 1, 101, N'Male')
	INSERT [dbo].[LibraryOptions_Texts] ([Question], [OptionId], [Language], [OptionText]) VALUES (2, 2, 0, N'Female')
	INSERT [dbo].[LibraryOptions_Texts] ([Question], [OptionId], [Language], [OptionText]) VALUES (2, 2, 19, N'Female')
	INSERT [dbo].[LibraryOptions_Texts] ([Question], [OptionId], [Language], [OptionText]) VALUES (2, 2, 33, N'Female')
	INSERT [dbo].[LibraryOptions_Texts] ([Question], [OptionId], [Language], [OptionText]) VALUES (2, 2, 38, N'Female')
	INSERT [dbo].[LibraryOptions_Texts] ([Question], [OptionId], [Language], [OptionText]) VALUES (2, 2, 42, N'Female')
	INSERT [dbo].[LibraryOptions_Texts] ([Question], [OptionId], [Language], [OptionText]) VALUES (2, 2, 43, N'Female')
	INSERT [dbo].[LibraryOptions_Texts] ([Question], [OptionId], [Language], [OptionText]) VALUES (2, 2, 101, N'Female')

INSERT [dbo].[LibraryQuestions] ([QuestionId], [Category], [QuestionType], [IsRequired], [RequiredBehavior], [RequiredMinLimit], [RequiredMaxLimit], [AttributeFlags], [ValidationBehavior], [ValidationField1], [ValidationField2], [ValidationField3], [RegularExpression], [RandomBehavior], [OtherFieldType], [OtherFieldRows], [OtherFieldChars], [OptionsSequence], [ColumnsSequence], [RangeStart], [RangeEnd], [CreationDT], [CreatedBy], [LastUpdateDT], [LastUpdatedBy]) VALUES (3, 1, 3, 0, NULL, NULL, NULL, 0, 0, NULL, NULL, NULL, NULL, NULL, NULL, NULL, NULL, 0, 0, NULL, NULL,  GETUTCDATE(), 0, GETUTCDATE(), 0);
INSERT [dbo].[LibraryQuestions_Texts] ([QuestionId], [Language], [QuestionText], [Description], [HelpText], [FrontLabelText], [AfterLabelText], [InsideText], [RequiredMessage], [ValidationMessage], [OtherFieldLabel]) VALUES (3, 0, N'In what year were you born? (enter 4-digit birth year; for example, 1976)', NULL, NULL, NULL, NULL, NULL, NULL, NULL, NULL)
INSERT [dbo].[LibraryQuestions_Texts] ([QuestionId], [Language], [QuestionText], [Description], [HelpText], [FrontLabelText], [AfterLabelText], [InsideText], [RequiredMessage], [ValidationMessage], [OtherFieldLabel]) VALUES (3, 19, N'През коя година сте роден? (въведете 4-цифрен година на раждане; например, 1976)', NULL, NULL, NULL, NULL, NULL, NULL, NULL, NULL)
INSERT [dbo].[LibraryQuestions_Texts] ([QuestionId], [Language], [QuestionText], [Description], [HelpText], [FrontLabelText], [AfterLabelText], [InsideText], [RequiredMessage], [ValidationMessage], [OtherFieldLabel]) VALUES (3, 33, N'In what year were you born? (enter 4-digit birth year; for example, 1976)', NULL, NULL, NULL, NULL, NULL, NULL, NULL, NULL)
INSERT [dbo].[LibraryQuestions_Texts] ([QuestionId], [Language], [QuestionText], [Description], [HelpText], [FrontLabelText], [AfterLabelText], [InsideText], [RequiredMessage], [ValidationMessage], [OtherFieldLabel]) VALUES (3, 38, N'En quelle année êtes-vous né? (entrez l''''année de naissance à 4 chiffres, par exemple, 1976)', NULL, NULL, NULL, NULL, NULL, NULL, NULL, NULL)
INSERT [dbo].[LibraryQuestions_Texts] ([QuestionId], [Language], [QuestionText], [Description], [HelpText], [FrontLabelText], [AfterLabelText], [InsideText], [RequiredMessage], [ValidationMessage], [OtherFieldLabel]) VALUES (3, 42, N'In welchem Jahr sind Sie geboren? (Geben Sie 4-stelligen Geburtsjahr, zB 1976)', NULL, NULL, NULL, NULL, NULL, NULL, NULL, NULL)
INSERT [dbo].[LibraryQuestions_Texts] ([QuestionId], [Language], [QuestionText], [Description], [HelpText], [FrontLabelText], [AfterLabelText], [InsideText], [RequiredMessage], [ValidationMessage], [OtherFieldLabel]) VALUES (3, 43, N'Ποια χρονιά γεννηθήκατε? (εισάγετε 4-ψηφιο έτος γέννησης; για παράδειγμα, 1976)', NULL, NULL, NULL, NULL, NULL, NULL, NULL, NULL)
INSERT [dbo].[LibraryQuestions_Texts] ([QuestionId], [Language], [QuestionText], [Description], [HelpText], [FrontLabelText], [AfterLabelText], [InsideText], [RequiredMessage], [ValidationMessage], [OtherFieldLabel]) VALUES (3, 101, N'In what year were you born? (enter 4-digit birth year; for example, 1976)', NULL, NULL, NULL, NULL, NULL, NULL, NULL, NULL)

INSERT [dbo].[LibraryQuestions] ([QuestionId], [Category], [QuestionType], [IsRequired], [RequiredBehavior], [RequiredMinLimit], [RequiredMaxLimit], [AttributeFlags], [ValidationBehavior], [ValidationField1], [ValidationField2], [ValidationField3], [RegularExpression], [RandomBehavior], [OtherFieldType], [OtherFieldRows], [OtherFieldChars], [OptionsSequence], [ColumnsSequence], [RangeStart], [RangeEnd], [CreationDT], [CreatedBy], [LastUpdateDT], [LastUpdatedBy]) VALUES (4, 1, 10, 0, NULL, NULL, NULL, 0, 0, NULL, NULL, NULL, NULL, NULL, NULL, NULL, NULL, 4, 0, NULL, NULL,  GETUTCDATE(), 0, GETUTCDATE(), 0);
INSERT [dbo].[LibraryQuestions_Texts] ([QuestionId], [Language], [QuestionText], [Description], [HelpText], [FrontLabelText], [AfterLabelText], [InsideText], [RequiredMessage], [ValidationMessage], [OtherFieldLabel]) VALUES (4, 0, N'In a typical week, how many days do you exercise?', NULL, NULL, NULL, NULL, NULL, NULL, NULL, NULL)
INSERT [dbo].[LibraryQuestions_Texts] ([QuestionId], [Language], [QuestionText], [Description], [HelpText], [FrontLabelText], [AfterLabelText], [InsideText], [RequiredMessage], [ValidationMessage], [OtherFieldLabel]) VALUES (4, 19, N'In a typical week, how many days do you exercise?', NULL, NULL, NULL, NULL, NULL, NULL, NULL, NULL)
INSERT [dbo].[LibraryQuestions_Texts] ([QuestionId], [Language], [QuestionText], [Description], [HelpText], [FrontLabelText], [AfterLabelText], [InsideText], [RequiredMessage], [ValidationMessage], [OtherFieldLabel]) VALUES (4, 33, N'In a typical week, how many days do you exercise?', NULL, NULL, NULL, NULL, NULL, NULL, NULL, NULL)
INSERT [dbo].[LibraryQuestions_Texts] ([QuestionId], [Language], [QuestionText], [Description], [HelpText], [FrontLabelText], [AfterLabelText], [InsideText], [RequiredMessage], [ValidationMessage], [OtherFieldLabel]) VALUES (4, 38, N'In a typical week, how many days do you exercise?', NULL, NULL, NULL, NULL, NULL, NULL, NULL, NULL)
INSERT [dbo].[LibraryQuestions_Texts] ([QuestionId], [Language], [QuestionText], [Description], [HelpText], [FrontLabelText], [AfterLabelText], [InsideText], [RequiredMessage], [ValidationMessage], [OtherFieldLabel]) VALUES (4, 42, N'In a typical week, how many days do you exercise?', NULL, NULL, NULL, NULL, NULL, NULL, NULL, NULL)
INSERT [dbo].[LibraryQuestions_Texts] ([QuestionId], [Language], [QuestionText], [Description], [HelpText], [FrontLabelText], [AfterLabelText], [InsideText], [RequiredMessage], [ValidationMessage], [OtherFieldLabel]) VALUES (4, 43, N'Σε μια τυπική εβδομάδα, πόσες ημέρες γυμνάζεσται?', NULL, NULL, NULL, NULL, NULL, NULL, NULL, NULL)
INSERT [dbo].[LibraryQuestions_Texts] ([QuestionId], [Language], [QuestionText], [Description], [HelpText], [FrontLabelText], [AfterLabelText], [InsideText], [RequiredMessage], [ValidationMessage], [OtherFieldLabel]) VALUES (4, 101, N'In a typical week, how many days do you exercise?', NULL, NULL, NULL, NULL, NULL, NULL, NULL, NULL)
	INSERT [dbo].[LibraryOptions] ([Question], [OptionId], [OptionType], [DisplayOrder], [OptionValue], [AttributeFlags]) VALUES (4, 1, 0, 1, 0, 0)
	INSERT [dbo].[LibraryOptions] ([Question], [OptionId], [OptionType], [DisplayOrder], [OptionValue], [AttributeFlags]) VALUES (4, 2, 0, 2, 0, 0)
	INSERT [dbo].[LibraryOptions] ([Question], [OptionId], [OptionType], [DisplayOrder], [OptionValue], [AttributeFlags]) VALUES (4, 3, 0, 3, 0, 0)
	INSERT [dbo].[LibraryOptions] ([Question], [OptionId], [OptionType], [DisplayOrder], [OptionValue], [AttributeFlags]) VALUES (4, 4, 0, 4, 0, 0)
	INSERT [dbo].[LibraryOptions_Texts] ([Question], [OptionId], [Language], [OptionText]) VALUES (4, 1, 0, N'I don''t regularly exercise')
	INSERT [dbo].[LibraryOptions_Texts] ([Question], [OptionId], [Language], [OptionText]) VALUES (4, 1, 19, N'I don''t regularly exercise')
	INSERT [dbo].[LibraryOptions_Texts] ([Question], [OptionId], [Language], [OptionText]) VALUES (4, 1, 33, N'I don''t regularly exercise')
	INSERT [dbo].[LibraryOptions_Texts] ([Question], [OptionId], [Language], [OptionText]) VALUES (4, 1, 38, N'I don''t regularly exercise')
	INSERT [dbo].[LibraryOptions_Texts] ([Question], [OptionId], [Language], [OptionText]) VALUES (4, 1, 42, N'I don''t regularly exercise')
	INSERT [dbo].[LibraryOptions_Texts] ([Question], [OptionId], [Language], [OptionText]) VALUES (4, 1, 43, N'I don''t regularly exercise')
	INSERT [dbo].[LibraryOptions_Texts] ([Question], [OptionId], [Language], [OptionText]) VALUES (4, 1, 101, N'I don''t regularly exercise')
	INSERT [dbo].[LibraryOptions_Texts] ([Question], [OptionId], [Language], [OptionText]) VALUES (4, 2, 0, N'Once a week')
	INSERT [dbo].[LibraryOptions_Texts] ([Question], [OptionId], [Language], [OptionText]) VALUES (4, 2, 19, N'Once a week')
	INSERT [dbo].[LibraryOptions_Texts] ([Question], [OptionId], [Language], [OptionText]) VALUES (4, 2, 33, N'Once a week')
	INSERT [dbo].[LibraryOptions_Texts] ([Question], [OptionId], [Language], [OptionText]) VALUES (4, 2, 38, N'Once a week')
	INSERT [dbo].[LibraryOptions_Texts] ([Question], [OptionId], [Language], [OptionText]) VALUES (4, 2, 42, N'Once a week')
	INSERT [dbo].[LibraryOptions_Texts] ([Question], [OptionId], [Language], [OptionText]) VALUES (4, 2, 43, N'Once a week')
	INSERT [dbo].[LibraryOptions_Texts] ([Question], [OptionId], [Language], [OptionText]) VALUES (4, 2, 101, N'Once a week')
	INSERT [dbo].[LibraryOptions_Texts] ([Question], [OptionId], [Language], [OptionText]) VALUES (4, 3, 0, N'2 to 4 days a week')
	INSERT [dbo].[LibraryOptions_Texts] ([Question], [OptionId], [Language], [OptionText]) VALUES (4, 3, 19, N'2 to 4 days a week')
	INSERT [dbo].[LibraryOptions_Texts] ([Question], [OptionId], [Language], [OptionText]) VALUES (4, 3, 33, N'2 to 4 days a week')
	INSERT [dbo].[LibraryOptions_Texts] ([Question], [OptionId], [Language], [OptionText]) VALUES (4, 3, 38, N'2 to 4 days a week')
	INSERT [dbo].[LibraryOptions_Texts] ([Question], [OptionId], [Language], [OptionText]) VALUES (4, 3, 42, N'2 to 4 days a week')
	INSERT [dbo].[LibraryOptions_Texts] ([Question], [OptionId], [Language], [OptionText]) VALUES (4, 3, 43, N'2 to 4 days a week')
	INSERT [dbo].[LibraryOptions_Texts] ([Question], [OptionId], [Language], [OptionText]) VALUES (4, 3, 101, N'2 to 4 days a week')
	INSERT [dbo].[LibraryOptions_Texts] ([Question], [OptionId], [Language], [OptionText]) VALUES (4, 4, 0, N'5 to 7 days a week')
	INSERT [dbo].[LibraryOptions_Texts] ([Question], [OptionId], [Language], [OptionText]) VALUES (4, 4, 19, N'5 to 7 days a week')
	INSERT [dbo].[LibraryOptions_Texts] ([Question], [OptionId], [Language], [OptionText]) VALUES (4, 4, 33, N'5 to 7 days a week')
	INSERT [dbo].[LibraryOptions_Texts] ([Question], [OptionId], [Language], [OptionText]) VALUES (4, 4, 38, N'5 to 7 days a week')
	INSERT [dbo].[LibraryOptions_Texts] ([Question], [OptionId], [Language], [OptionText]) VALUES (4, 4, 42, N'5 to 7 days a week')
	INSERT [dbo].[LibraryOptions_Texts] ([Question], [OptionId], [Language], [OptionText]) VALUES (4, 4, 43, N'5 to 7 days a week')
	INSERT [dbo].[LibraryOptions_Texts] ([Question], [OptionId], [Language], [OptionText]) VALUES (4, 4, 101, N'5 to 7 days a week')


INSERT [dbo].[LibraryQuestions] ([QuestionId], [Category], [QuestionType], [IsRequired], [RequiredBehavior], [RequiredMinLimit], [RequiredMaxLimit], [AttributeFlags], [ValidationBehavior], [ValidationField1], [ValidationField2], [ValidationField3], [RegularExpression], [RandomBehavior], [OtherFieldType], [OtherFieldRows], [OtherFieldChars], [OptionsSequence], [ColumnsSequence], [RangeStart], [RangeEnd], [CreationDT], [CreatedBy], [LastUpdateDT], [LastUpdatedBy]) VALUES (5, 1, 10, 0, NULL, NULL, NULL, 0, 0, NULL, NULL, NULL, NULL, NULL, NULL, NULL, NULL, 21, 0, NULL, NULL,  GETUTCDATE(), 0, GETUTCDATE(), 0);
INSERT [dbo].[LibraryQuestions_Texts] ([QuestionId], [Language], [QuestionText], [Description], [HelpText], [FrontLabelText], [AfterLabelText], [InsideText], [RequiredMessage], [ValidationMessage], [OtherFieldLabel]) VALUES (5, 0, N'In what language do you speak most often?', NULL, NULL, NULL, NULL, NULL, NULL, NULL, NULL)
INSERT [dbo].[LibraryQuestions_Texts] ([QuestionId], [Language], [QuestionText], [Description], [HelpText], [FrontLabelText], [AfterLabelText], [InsideText], [RequiredMessage], [ValidationMessage], [OtherFieldLabel]) VALUES (5, 19, N'In what language do you speak most often?', NULL, NULL, NULL, NULL, NULL, NULL, NULL, NULL)
INSERT [dbo].[LibraryQuestions_Texts] ([QuestionId], [Language], [QuestionText], [Description], [HelpText], [FrontLabelText], [AfterLabelText], [InsideText], [RequiredMessage], [ValidationMessage], [OtherFieldLabel]) VALUES (5, 33, N'In what language do you speak most often?', NULL, NULL, NULL, NULL, NULL, NULL, NULL, NULL)
INSERT [dbo].[LibraryQuestions_Texts] ([QuestionId], [Language], [QuestionText], [Description], [HelpText], [FrontLabelText], [AfterLabelText], [InsideText], [RequiredMessage], [ValidationMessage], [OtherFieldLabel]) VALUES (5, 38, N'In what language do you speak most often?', NULL, NULL, NULL, NULL, NULL, NULL, NULL, NULL)
INSERT [dbo].[LibraryQuestions_Texts] ([QuestionId], [Language], [QuestionText], [Description], [HelpText], [FrontLabelText], [AfterLabelText], [InsideText], [RequiredMessage], [ValidationMessage], [OtherFieldLabel]) VALUES (5, 42, N'In what language do you speak most often?', NULL, NULL, NULL, NULL, NULL, NULL, NULL, NULL)
INSERT [dbo].[LibraryQuestions_Texts] ([QuestionId], [Language], [QuestionText], [Description], [HelpText], [FrontLabelText], [AfterLabelText], [InsideText], [RequiredMessage], [ValidationMessage], [OtherFieldLabel]) VALUES (5, 43, N'Σε ποιά γλώσσα μιλάτε περισσότερο?', NULL, NULL, NULL, NULL, NULL, NULL, NULL, NULL)
INSERT [dbo].[LibraryQuestions_Texts] ([QuestionId], [Language], [QuestionText], [Description], [HelpText], [FrontLabelText], [AfterLabelText], [InsideText], [RequiredMessage], [ValidationMessage], [OtherFieldLabel]) VALUES (5, 101, N'In what language do you speak most often?', NULL, NULL, NULL, NULL, NULL, NULL, NULL, NULL)
	INSERT [dbo].[LibraryOptions] ([Question], [OptionId], [OptionType], [DisplayOrder], [OptionValue], [AttributeFlags]) VALUES (5, 1, 0, 1, 0, 0)
	INSERT [dbo].[LibraryOptions] ([Question], [OptionId], [OptionType], [DisplayOrder], [OptionValue], [AttributeFlags]) VALUES (5, 2, 0, 2, 0, 0)
	INSERT [dbo].[LibraryOptions] ([Question], [OptionId], [OptionType], [DisplayOrder], [OptionValue], [AttributeFlags]) VALUES (5, 3, 0, 3, 0, 0)
	INSERT [dbo].[LibraryOptions] ([Question], [OptionId], [OptionType], [DisplayOrder], [OptionValue], [AttributeFlags]) VALUES (5, 4, 0, 4, 0, 0)
	INSERT [dbo].[LibraryOptions] ([Question], [OptionId], [OptionType], [DisplayOrder], [OptionValue], [AttributeFlags]) VALUES (5, 5, 0, 5, 0, 0)
	INSERT [dbo].[LibraryOptions] ([Question], [OptionId], [OptionType], [DisplayOrder], [OptionValue], [AttributeFlags]) VALUES (5, 6, 0, 6, 0, 0)
	INSERT [dbo].[LibraryOptions] ([Question], [OptionId], [OptionType], [DisplayOrder], [OptionValue], [AttributeFlags]) VALUES (5, 7, 0, 7, 0, 0)
	INSERT [dbo].[LibraryOptions] ([Question], [OptionId], [OptionType], [DisplayOrder], [OptionValue], [AttributeFlags]) VALUES (5, 8, 0, 8, 0, 0)
	INSERT [dbo].[LibraryOptions] ([Question], [OptionId], [OptionType], [DisplayOrder], [OptionValue], [AttributeFlags]) VALUES (5, 9, 0, 9, 0, 0)
	INSERT [dbo].[LibraryOptions] ([Question], [OptionId], [OptionType], [DisplayOrder], [OptionValue], [AttributeFlags]) VALUES (5, 10, 0, 10, 0, 0)
	INSERT [dbo].[LibraryOptions] ([Question], [OptionId], [OptionType], [DisplayOrder], [OptionValue], [AttributeFlags]) VALUES (5, 11, 0, 11, 0, 0)
	INSERT [dbo].[LibraryOptions] ([Question], [OptionId], [OptionType], [DisplayOrder], [OptionValue], [AttributeFlags]) VALUES (5, 12, 0, 12, 0, 0)
	INSERT [dbo].[LibraryOptions] ([Question], [OptionId], [OptionType], [DisplayOrder], [OptionValue], [AttributeFlags]) VALUES (5, 13, 0, 13, 0, 0)
	INSERT [dbo].[LibraryOptions] ([Question], [OptionId], [OptionType], [DisplayOrder], [OptionValue], [AttributeFlags]) VALUES (5, 14, 0, 14, 0, 0)
	INSERT [dbo].[LibraryOptions] ([Question], [OptionId], [OptionType], [DisplayOrder], [OptionValue], [AttributeFlags]) VALUES (5, 15, 0, 15, 0, 0)
	INSERT [dbo].[LibraryOptions] ([Question], [OptionId], [OptionType], [DisplayOrder], [OptionValue], [AttributeFlags]) VALUES (5, 16, 0, 16, 0, 0)
	INSERT [dbo].[LibraryOptions] ([Question], [OptionId], [OptionType], [DisplayOrder], [OptionValue], [AttributeFlags]) VALUES (5, 17, 0, 17, 0, 0)
	INSERT [dbo].[LibraryOptions] ([Question], [OptionId], [OptionType], [DisplayOrder], [OptionValue], [AttributeFlags]) VALUES (5, 18, 0, 18, 0, 0)
	INSERT [dbo].[LibraryOptions] ([Question], [OptionId], [OptionType], [DisplayOrder], [OptionValue], [AttributeFlags]) VALUES (5, 19, 0, 19, 0, 0)
	INSERT [dbo].[LibraryOptions] ([Question], [OptionId], [OptionType], [DisplayOrder], [OptionValue], [AttributeFlags]) VALUES (5, 20, 0, 20, 0, 0)
	INSERT [dbo].[LibraryOptions] ([Question], [OptionId], [OptionType], [DisplayOrder], [OptionValue], [AttributeFlags]) VALUES (5, 21, 0, 21, 0, 0)
	INSERT [dbo].[LibraryOptions_Texts] ([Question], [OptionId], [Language], [OptionText]) VALUES (5, 1, 0, N'Arabic')
	INSERT [dbo].[LibraryOptions_Texts] ([Question], [OptionId], [Language], [OptionText]) VALUES (5, 1, 19, N'Arabic')
	INSERT [dbo].[LibraryOptions_Texts] ([Question], [OptionId], [Language], [OptionText]) VALUES (5, 1, 33, N'Arabic')
	INSERT [dbo].[LibraryOptions_Texts] ([Question], [OptionId], [Language], [OptionText]) VALUES (5, 1, 38, N'Arabic')
	INSERT [dbo].[LibraryOptions_Texts] ([Question], [OptionId], [Language], [OptionText]) VALUES (5, 1, 42, N'Arabic')
	INSERT [dbo].[LibraryOptions_Texts] ([Question], [OptionId], [Language], [OptionText]) VALUES (5, 1, 43, N'Arabic')
	INSERT [dbo].[LibraryOptions_Texts] ([Question], [OptionId], [Language], [OptionText]) VALUES (5, 1, 101, N'Arabic')
	INSERT [dbo].[LibraryOptions_Texts] ([Question], [OptionId], [Language], [OptionText]) VALUES (5, 2, 0, N'Armenian')
	INSERT [dbo].[LibraryOptions_Texts] ([Question], [OptionId], [Language], [OptionText]) VALUES (5, 2, 19, N'Armenian')
	INSERT [dbo].[LibraryOptions_Texts] ([Question], [OptionId], [Language], [OptionText]) VALUES (5, 2, 33, N'Armenian')
	INSERT [dbo].[LibraryOptions_Texts] ([Question], [OptionId], [Language], [OptionText]) VALUES (5, 2, 38, N'Armenian')
	INSERT [dbo].[LibraryOptions_Texts] ([Question], [OptionId], [Language], [OptionText]) VALUES (5, 2, 42, N'Armenian')
	INSERT [dbo].[LibraryOptions_Texts] ([Question], [OptionId], [Language], [OptionText]) VALUES (5, 2, 43, N'Armenian')
	INSERT [dbo].[LibraryOptions_Texts] ([Question], [OptionId], [Language], [OptionText]) VALUES (5, 2, 101, N'Armenian')
	INSERT [dbo].[LibraryOptions_Texts] ([Question], [OptionId], [Language], [OptionText]) VALUES (5, 3, 0, N'Chinese')
	INSERT [dbo].[LibraryOptions_Texts] ([Question], [OptionId], [Language], [OptionText]) VALUES (5, 3, 19, N'Chinese')
	INSERT [dbo].[LibraryOptions_Texts] ([Question], [OptionId], [Language], [OptionText]) VALUES (5, 3, 33, N'Chinese')
	INSERT [dbo].[LibraryOptions_Texts] ([Question], [OptionId], [Language], [OptionText]) VALUES (5, 3, 38, N'Chinese')
	INSERT [dbo].[LibraryOptions_Texts] ([Question], [OptionId], [Language], [OptionText]) VALUES (5, 3, 42, N'Chinese')
	INSERT [dbo].[LibraryOptions_Texts] ([Question], [OptionId], [Language], [OptionText]) VALUES (5, 3, 43, N'Chinese')
	INSERT [dbo].[LibraryOptions_Texts] ([Question], [OptionId], [Language], [OptionText]) VALUES (5, 3, 101, N'Chinese')
	INSERT [dbo].[LibraryOptions_Texts] ([Question], [OptionId], [Language], [OptionText]) VALUES (5, 4, 0, N'English')
	INSERT [dbo].[LibraryOptions_Texts] ([Question], [OptionId], [Language], [OptionText]) VALUES (5, 4, 19, N'English')
	INSERT [dbo].[LibraryOptions_Texts] ([Question], [OptionId], [Language], [OptionText]) VALUES (5, 4, 33, N'English')
	INSERT [dbo].[LibraryOptions_Texts] ([Question], [OptionId], [Language], [OptionText]) VALUES (5, 4, 38, N'English')
	INSERT [dbo].[LibraryOptions_Texts] ([Question], [OptionId], [Language], [OptionText]) VALUES (5, 4, 42, N'English')
	INSERT [dbo].[LibraryOptions_Texts] ([Question], [OptionId], [Language], [OptionText]) VALUES (5, 4, 43, N'English')
	INSERT [dbo].[LibraryOptions_Texts] ([Question], [OptionId], [Language], [OptionText]) VALUES (5, 4, 101, N'English')
	INSERT [dbo].[LibraryOptions_Texts] ([Question], [OptionId], [Language], [OptionText]) VALUES (5, 5, 0, N'French')
	INSERT [dbo].[LibraryOptions_Texts] ([Question], [OptionId], [Language], [OptionText]) VALUES (5, 5, 19, N'French')
	INSERT [dbo].[LibraryOptions_Texts] ([Question], [OptionId], [Language], [OptionText]) VALUES (5, 5, 33, N'French')
	INSERT [dbo].[LibraryOptions_Texts] ([Question], [OptionId], [Language], [OptionText]) VALUES (5, 5, 38, N'French')
	INSERT [dbo].[LibraryOptions_Texts] ([Question], [OptionId], [Language], [OptionText]) VALUES (5, 5, 42, N'French')
	INSERT [dbo].[LibraryOptions_Texts] ([Question], [OptionId], [Language], [OptionText]) VALUES (5, 5, 43, N'French')
	INSERT [dbo].[LibraryOptions_Texts] ([Question], [OptionId], [Language], [OptionText]) VALUES (5, 5, 101, N'French')
	INSERT [dbo].[LibraryOptions_Texts] ([Question], [OptionId], [Language], [OptionText]) VALUES (5, 6, 0, N'French Creole')
	INSERT [dbo].[LibraryOptions_Texts] ([Question], [OptionId], [Language], [OptionText]) VALUES (5, 6, 19, N'French Creole')
	INSERT [dbo].[LibraryOptions_Texts] ([Question], [OptionId], [Language], [OptionText]) VALUES (5, 6, 33, N'French Creole')
	INSERT [dbo].[LibraryOptions_Texts] ([Question], [OptionId], [Language], [OptionText]) VALUES (5, 6, 38, N'French Creole')
	INSERT [dbo].[LibraryOptions_Texts] ([Question], [OptionId], [Language], [OptionText]) VALUES (5, 6, 42, N'French Creole')
	INSERT [dbo].[LibraryOptions_Texts] ([Question], [OptionId], [Language], [OptionText]) VALUES (5, 6, 43, N'French Creole')
	INSERT [dbo].[LibraryOptions_Texts] ([Question], [OptionId], [Language], [OptionText]) VALUES (5, 6, 101, N'French Creole')
	INSERT [dbo].[LibraryOptions_Texts] ([Question], [OptionId], [Language], [OptionText]) VALUES (5, 7, 0, N'German')
	INSERT [dbo].[LibraryOptions_Texts] ([Question], [OptionId], [Language], [OptionText]) VALUES (5, 7, 19, N'German')
	INSERT [dbo].[LibraryOptions_Texts] ([Question], [OptionId], [Language], [OptionText]) VALUES (5, 7, 33, N'German')
	INSERT [dbo].[LibraryOptions_Texts] ([Question], [OptionId], [Language], [OptionText]) VALUES (5, 7, 38, N'German')
	INSERT [dbo].[LibraryOptions_Texts] ([Question], [OptionId], [Language], [OptionText]) VALUES (5, 7, 42, N'German')
	INSERT [dbo].[LibraryOptions_Texts] ([Question], [OptionId], [Language], [OptionText]) VALUES (5, 7, 43, N'German')
	INSERT [dbo].[LibraryOptions_Texts] ([Question], [OptionId], [Language], [OptionText]) VALUES (5, 7, 101, N'German')
	INSERT [dbo].[LibraryOptions_Texts] ([Question], [OptionId], [Language], [OptionText]) VALUES (5, 8, 0, N'Greek')
	INSERT [dbo].[LibraryOptions_Texts] ([Question], [OptionId], [Language], [OptionText]) VALUES (5, 8, 19, N'Greek')
	INSERT [dbo].[LibraryOptions_Texts] ([Question], [OptionId], [Language], [OptionText]) VALUES (5, 8, 33, N'Greek')
	INSERT [dbo].[LibraryOptions_Texts] ([Question], [OptionId], [Language], [OptionText]) VALUES (5, 8, 38, N'Greek')
	INSERT [dbo].[LibraryOptions_Texts] ([Question], [OptionId], [Language], [OptionText]) VALUES (5, 8, 42, N'Greek')
	INSERT [dbo].[LibraryOptions_Texts] ([Question], [OptionId], [Language], [OptionText]) VALUES (5, 8, 43, N'Greek')
	INSERT [dbo].[LibraryOptions_Texts] ([Question], [OptionId], [Language], [OptionText]) VALUES (5, 8, 101, N'Greek')
	INSERT [dbo].[LibraryOptions_Texts] ([Question], [OptionId], [Language], [OptionText]) VALUES (5, 9, 0, N'Gujarati')
	INSERT [dbo].[LibraryOptions_Texts] ([Question], [OptionId], [Language], [OptionText]) VALUES (5, 9, 19, N'Gujarati')
	INSERT [dbo].[LibraryOptions_Texts] ([Question], [OptionId], [Language], [OptionText]) VALUES (5, 9, 33, N'Gujarati')
	INSERT [dbo].[LibraryOptions_Texts] ([Question], [OptionId], [Language], [OptionText]) VALUES (5, 9, 38, N'Gujarati')
	INSERT [dbo].[LibraryOptions_Texts] ([Question], [OptionId], [Language], [OptionText]) VALUES (5, 9, 42, N'Gujarati')
	INSERT [dbo].[LibraryOptions_Texts] ([Question], [OptionId], [Language], [OptionText]) VALUES (5, 9, 43, N'Gujarati')
	INSERT [dbo].[LibraryOptions_Texts] ([Question], [OptionId], [Language], [OptionText]) VALUES (5, 9, 101, N'Gujarati')
	INSERT [dbo].[LibraryOptions_Texts] ([Question], [OptionId], [Language], [OptionText]) VALUES (5, 10, 0, N'Hindi')
	INSERT [dbo].[LibraryOptions_Texts] ([Question], [OptionId], [Language], [OptionText]) VALUES (5, 10, 19, N'Hindi')
	INSERT [dbo].[LibraryOptions_Texts] ([Question], [OptionId], [Language], [OptionText]) VALUES (5, 10, 33, N'Hindi')
	INSERT [dbo].[LibraryOptions_Texts] ([Question], [OptionId], [Language], [OptionText]) VALUES (5, 10, 38, N'Hindi')
	INSERT [dbo].[LibraryOptions_Texts] ([Question], [OptionId], [Language], [OptionText]) VALUES (5, 10, 42, N'Hindi')
	INSERT [dbo].[LibraryOptions_Texts] ([Question], [OptionId], [Language], [OptionText]) VALUES (5, 10, 43, N'Hindi')
	INSERT [dbo].[LibraryOptions_Texts] ([Question], [OptionId], [Language], [OptionText]) VALUES (5, 10, 101, N'Hindi')
	INSERT [dbo].[LibraryOptions_Texts] ([Question], [OptionId], [Language], [OptionText]) VALUES (5, 11, 0, N'Italian')
	INSERT [dbo].[LibraryOptions_Texts] ([Question], [OptionId], [Language], [OptionText]) VALUES (5, 11, 19, N'Italian')
	INSERT [dbo].[LibraryOptions_Texts] ([Question], [OptionId], [Language], [OptionText]) VALUES (5, 11, 33, N'Italian')
	INSERT [dbo].[LibraryOptions_Texts] ([Question], [OptionId], [Language], [OptionText]) VALUES (5, 11, 38, N'Italian')
	INSERT [dbo].[LibraryOptions_Texts] ([Question], [OptionId], [Language], [OptionText]) VALUES (5, 11, 42, N'Italian')
	INSERT [dbo].[LibraryOptions_Texts] ([Question], [OptionId], [Language], [OptionText]) VALUES (5, 11, 43, N'Italian')
	INSERT [dbo].[LibraryOptions_Texts] ([Question], [OptionId], [Language], [OptionText]) VALUES (5, 11, 101, N'Italian')
	INSERT [dbo].[LibraryOptions_Texts] ([Question], [OptionId], [Language], [OptionText]) VALUES (5, 12, 0, N'Japanese')
	INSERT [dbo].[LibraryOptions_Texts] ([Question], [OptionId], [Language], [OptionText]) VALUES (5, 12, 19, N'Japanese')
	INSERT [dbo].[LibraryOptions_Texts] ([Question], [OptionId], [Language], [OptionText]) VALUES (5, 12, 33, N'Japanese')
	INSERT [dbo].[LibraryOptions_Texts] ([Question], [OptionId], [Language], [OptionText]) VALUES (5, 12, 38, N'Japanese')
	INSERT [dbo].[LibraryOptions_Texts] ([Question], [OptionId], [Language], [OptionText]) VALUES (5, 12, 42, N'Japanese')
	INSERT [dbo].[LibraryOptions_Texts] ([Question], [OptionId], [Language], [OptionText]) VALUES (5, 12, 43, N'Japanese')
	INSERT [dbo].[LibraryOptions_Texts] ([Question], [OptionId], [Language], [OptionText]) VALUES (5, 12, 101, N'Japanese')
	INSERT [dbo].[LibraryOptions_Texts] ([Question], [OptionId], [Language], [OptionText]) VALUES (5, 13, 0, N'Korean')
	INSERT [dbo].[LibraryOptions_Texts] ([Question], [OptionId], [Language], [OptionText]) VALUES (5, 13, 19, N'Korean')
	INSERT [dbo].[LibraryOptions_Texts] ([Question], [OptionId], [Language], [OptionText]) VALUES (5, 13, 33, N'Korean')
	INSERT [dbo].[LibraryOptions_Texts] ([Question], [OptionId], [Language], [OptionText]) VALUES (5, 13, 38, N'Korean')
	INSERT [dbo].[LibraryOptions_Texts] ([Question], [OptionId], [Language], [OptionText]) VALUES (5, 13, 42, N'Korean')
	INSERT [dbo].[LibraryOptions_Texts] ([Question], [OptionId], [Language], [OptionText]) VALUES (5, 13, 43, N'Korean')
	INSERT [dbo].[LibraryOptions_Texts] ([Question], [OptionId], [Language], [OptionText]) VALUES (5, 13, 101, N'Korean')
	INSERT [dbo].[LibraryOptions_Texts] ([Question], [OptionId], [Language], [OptionText]) VALUES (5, 14, 0, N'Persian')
	INSERT [dbo].[LibraryOptions_Texts] ([Question], [OptionId], [Language], [OptionText]) VALUES (5, 14, 19, N'Persian')
	INSERT [dbo].[LibraryOptions_Texts] ([Question], [OptionId], [Language], [OptionText]) VALUES (5, 14, 33, N'Persian')
	INSERT [dbo].[LibraryOptions_Texts] ([Question], [OptionId], [Language], [OptionText]) VALUES (5, 14, 38, N'Persian')
	INSERT [dbo].[LibraryOptions_Texts] ([Question], [OptionId], [Language], [OptionText]) VALUES (5, 14, 42, N'Persian')
	INSERT [dbo].[LibraryOptions_Texts] ([Question], [OptionId], [Language], [OptionText]) VALUES (5, 14, 43, N'Persian')
	INSERT [dbo].[LibraryOptions_Texts] ([Question], [OptionId], [Language], [OptionText]) VALUES (5, 14, 101, N'Persian')
	INSERT [dbo].[LibraryOptions_Texts] ([Question], [OptionId], [Language], [OptionText]) VALUES (5, 15, 0, N'Polish')
	INSERT [dbo].[LibraryOptions_Texts] ([Question], [OptionId], [Language], [OptionText]) VALUES (5, 15, 19, N'Polish')
	INSERT [dbo].[LibraryOptions_Texts] ([Question], [OptionId], [Language], [OptionText]) VALUES (5, 15, 33, N'Polish')
	INSERT [dbo].[LibraryOptions_Texts] ([Question], [OptionId], [Language], [OptionText]) VALUES (5, 15, 38, N'Polish')
	INSERT [dbo].[LibraryOptions_Texts] ([Question], [OptionId], [Language], [OptionText]) VALUES (5, 15, 42, N'Polish')
	INSERT [dbo].[LibraryOptions_Texts] ([Question], [OptionId], [Language], [OptionText]) VALUES (5, 15, 43, N'Polish')
	INSERT [dbo].[LibraryOptions_Texts] ([Question], [OptionId], [Language], [OptionText]) VALUES (5, 15, 101, N'Polish')
	INSERT [dbo].[LibraryOptions_Texts] ([Question], [OptionId], [Language], [OptionText]) VALUES (5, 16, 0, N'Portuguese')
	INSERT [dbo].[LibraryOptions_Texts] ([Question], [OptionId], [Language], [OptionText]) VALUES (5, 16, 19, N'Portuguese')
	INSERT [dbo].[LibraryOptions_Texts] ([Question], [OptionId], [Language], [OptionText]) VALUES (5, 16, 33, N'Portuguese')
	INSERT [dbo].[LibraryOptions_Texts] ([Question], [OptionId], [Language], [OptionText]) VALUES (5, 16, 38, N'Portuguese')
	INSERT [dbo].[LibraryOptions_Texts] ([Question], [OptionId], [Language], [OptionText]) VALUES (5, 16, 42, N'Portuguese')
	INSERT [dbo].[LibraryOptions_Texts] ([Question], [OptionId], [Language], [OptionText]) VALUES (5, 16, 43, N'Portuguese')
	INSERT [dbo].[LibraryOptions_Texts] ([Question], [OptionId], [Language], [OptionText]) VALUES (5, 16, 101, N'Portuguese')
	INSERT [dbo].[LibraryOptions_Texts] ([Question], [OptionId], [Language], [OptionText]) VALUES (5, 17, 0, N'Russian')
	INSERT [dbo].[LibraryOptions_Texts] ([Question], [OptionId], [Language], [OptionText]) VALUES (5, 17, 19, N'Russian')
	INSERT [dbo].[LibraryOptions_Texts] ([Question], [OptionId], [Language], [OptionText]) VALUES (5, 17, 33, N'Russian')
	INSERT [dbo].[LibraryOptions_Texts] ([Question], [OptionId], [Language], [OptionText]) VALUES (5, 17, 38, N'Russian')
	INSERT [dbo].[LibraryOptions_Texts] ([Question], [OptionId], [Language], [OptionText]) VALUES (5, 17, 42, N'Russian')
	INSERT [dbo].[LibraryOptions_Texts] ([Question], [OptionId], [Language], [OptionText]) VALUES (5, 17, 43, N'Russian')
	INSERT [dbo].[LibraryOptions_Texts] ([Question], [OptionId], [Language], [OptionText]) VALUES (5, 17, 101, N'Russian')
	INSERT [dbo].[LibraryOptions_Texts] ([Question], [OptionId], [Language], [OptionText]) VALUES (5, 18, 0, N'Spanish')
	INSERT [dbo].[LibraryOptions_Texts] ([Question], [OptionId], [Language], [OptionText]) VALUES (5, 18, 19, N'Spanish')
	INSERT [dbo].[LibraryOptions_Texts] ([Question], [OptionId], [Language], [OptionText]) VALUES (5, 18, 33, N'Spanish')
	INSERT [dbo].[LibraryOptions_Texts] ([Question], [OptionId], [Language], [OptionText]) VALUES (5, 18, 38, N'Spanish')
	INSERT [dbo].[LibraryOptions_Texts] ([Question], [OptionId], [Language], [OptionText]) VALUES (5, 18, 42, N'Spanish')
	INSERT [dbo].[LibraryOptions_Texts] ([Question], [OptionId], [Language], [OptionText]) VALUES (5, 18, 43, N'Spanish')
	INSERT [dbo].[LibraryOptions_Texts] ([Question], [OptionId], [Language], [OptionText]) VALUES (5, 18, 101, N'Spanish')
	INSERT [dbo].[LibraryOptions_Texts] ([Question], [OptionId], [Language], [OptionText]) VALUES (5, 19, 0, N'Tagalog')
	INSERT [dbo].[LibraryOptions_Texts] ([Question], [OptionId], [Language], [OptionText]) VALUES (5, 19, 19, N'Tagalog')
	INSERT [dbo].[LibraryOptions_Texts] ([Question], [OptionId], [Language], [OptionText]) VALUES (5, 19, 33, N'Tagalog')
	INSERT [dbo].[LibraryOptions_Texts] ([Question], [OptionId], [Language], [OptionText]) VALUES (5, 19, 38, N'Tagalog')
	INSERT [dbo].[LibraryOptions_Texts] ([Question], [OptionId], [Language], [OptionText]) VALUES (5, 19, 42, N'Tagalog')
	INSERT [dbo].[LibraryOptions_Texts] ([Question], [OptionId], [Language], [OptionText]) VALUES (5, 19, 43, N'Tagalog')
	INSERT [dbo].[LibraryOptions_Texts] ([Question], [OptionId], [Language], [OptionText]) VALUES (5, 19, 101, N'Tagalog')
	INSERT [dbo].[LibraryOptions_Texts] ([Question], [OptionId], [Language], [OptionText]) VALUES (5, 20, 0, N'Urdu')
	INSERT [dbo].[LibraryOptions_Texts] ([Question], [OptionId], [Language], [OptionText]) VALUES (5, 20, 19, N'Urdu')
	INSERT [dbo].[LibraryOptions_Texts] ([Question], [OptionId], [Language], [OptionText]) VALUES (5, 20, 33, N'Urdu')
	INSERT [dbo].[LibraryOptions_Texts] ([Question], [OptionId], [Language], [OptionText]) VALUES (5, 20, 38, N'Urdu')
	INSERT [dbo].[LibraryOptions_Texts] ([Question], [OptionId], [Language], [OptionText]) VALUES (5, 20, 42, N'Urdu')
	INSERT [dbo].[LibraryOptions_Texts] ([Question], [OptionId], [Language], [OptionText]) VALUES (5, 20, 43, N'Urdu')
	INSERT [dbo].[LibraryOptions_Texts] ([Question], [OptionId], [Language], [OptionText]) VALUES (5, 20, 101, N'Urdu')
	INSERT [dbo].[LibraryOptions_Texts] ([Question], [OptionId], [Language], [OptionText]) VALUES (5, 21, 0, N'Vietnamese')
	INSERT [dbo].[LibraryOptions_Texts] ([Question], [OptionId], [Language], [OptionText]) VALUES (5, 21, 19, N'Vietnamese')
	INSERT [dbo].[LibraryOptions_Texts] ([Question], [OptionId], [Language], [OptionText]) VALUES (5, 21, 33, N'Vietnamese')
	INSERT [dbo].[LibraryOptions_Texts] ([Question], [OptionId], [Language], [OptionText]) VALUES (5, 21, 38, N'Vietnamese')
	INSERT [dbo].[LibraryOptions_Texts] ([Question], [OptionId], [Language], [OptionText]) VALUES (5, 21, 42, N'Vietnamese')
	INSERT [dbo].[LibraryOptions_Texts] ([Question], [OptionId], [Language], [OptionText]) VALUES (5, 21, 43, N'Vietnamese')
	INSERT [dbo].[LibraryOptions_Texts] ([Question], [OptionId], [Language], [OptionText]) VALUES (5, 21, 101, N'Vietnamese')


INSERT [dbo].[LibraryQuestions] ([QuestionId], [Category], [QuestionType], [IsRequired], [RequiredBehavior], [RequiredMinLimit], [RequiredMaxLimit], [AttributeFlags], [ValidationBehavior], [ValidationField1], [ValidationField2], [ValidationField3], [RegularExpression], [RandomBehavior], [OtherFieldType], [OtherFieldRows], [OtherFieldChars], [OptionsSequence], [ColumnsSequence], [RangeStart], [RangeEnd], [CreationDT], [CreatedBy], [LastUpdateDT], [LastUpdatedBy]) VALUES (6, 1, 31, 0, NULL, NULL, NULL, 0, 0, NULL, NULL, NULL, NULL, NULL, NULL, NULL, NULL, 4, 5, NULL, NULL,  GETUTCDATE(), 0, GETUTCDATE(), 0);
INSERT [dbo].[LibraryQuestions_Texts] ([QuestionId], [Language], [QuestionText], [Description], [HelpText], [FrontLabelText], [AfterLabelText], [InsideText], [RequiredMessage], [ValidationMessage], [OtherFieldLabel]) VALUES (6, 0, N'Cooperation with the superior', NULL, NULL, NULL, NULL, NULL, NULL, NULL, NULL)
INSERT [dbo].[LibraryQuestions_Texts] ([QuestionId], [Language], [QuestionText], [Description], [HelpText], [FrontLabelText], [AfterLabelText], [InsideText], [RequiredMessage], [ValidationMessage], [OtherFieldLabel]) VALUES (6, 19, N'Сътрудничество с висшестоящия', NULL, NULL, NULL, NULL, NULL, NULL, NULL, NULL)
INSERT [dbo].[LibraryQuestions_Texts] ([QuestionId], [Language], [QuestionText], [Description], [HelpText], [FrontLabelText], [AfterLabelText], [InsideText], [RequiredMessage], [ValidationMessage], [OtherFieldLabel]) VALUES (6, 33, N'Cooperation with the superior', NULL, NULL, NULL, NULL, NULL, NULL, NULL, NULL)
INSERT [dbo].[LibraryQuestions_Texts] ([QuestionId], [Language], [QuestionText], [Description], [HelpText], [FrontLabelText], [AfterLabelText], [InsideText], [RequiredMessage], [ValidationMessage], [OtherFieldLabel]) VALUES (6, 38, N'Coopération avec le supérieur', NULL, NULL, NULL, NULL, NULL, NULL, NULL, NULL)
INSERT [dbo].[LibraryQuestions_Texts] ([QuestionId], [Language], [QuestionText], [Description], [HelpText], [FrontLabelText], [AfterLabelText], [InsideText], [RequiredMessage], [ValidationMessage], [OtherFieldLabel]) VALUES (6, 42, N'Die Zusammenarbeit mit der überlegenen', NULL, NULL, NULL, NULL, NULL, NULL, NULL, NULL)
INSERT [dbo].[LibraryQuestions_Texts] ([QuestionId], [Language], [QuestionText], [Description], [HelpText], [FrontLabelText], [AfterLabelText], [InsideText], [RequiredMessage], [ValidationMessage], [OtherFieldLabel]) VALUES (6, 43, N'Συνεργασία με τον ανώτερο', NULL, NULL, NULL, NULL, NULL, NULL, NULL, NULL)
INSERT [dbo].[LibraryQuestions_Texts] ([QuestionId], [Language], [QuestionText], [Description], [HelpText], [FrontLabelText], [AfterLabelText], [InsideText], [RequiredMessage], [ValidationMessage], [OtherFieldLabel]) VALUES (6, 101, N'Сотрудничество с выше', NULL, NULL, NULL, NULL, NULL, NULL, NULL, NULL)

INSERT [dbo].[LibraryOptions] ([Question], [OptionId], [OptionType], [DisplayOrder], [OptionValue], [AttributeFlags]) VALUES (6, 1, 0, 1, 0, 0)
INSERT [dbo].[LibraryOptions] ([Question], [OptionId], [OptionType], [DisplayOrder], [OptionValue], [AttributeFlags]) VALUES (6, 2, 0, 2, 0, 0)
INSERT [dbo].[LibraryOptions] ([Question], [OptionId], [OptionType], [DisplayOrder], [OptionValue], [AttributeFlags]) VALUES (6, 3, 0, 3, 0, 0)
INSERT [dbo].[LibraryOptions] ([Question], [OptionId], [OptionType], [DisplayOrder], [OptionValue], [AttributeFlags]) VALUES (6, 4, 0, 4, 0, 0)
INSERT [dbo].[LibraryOptions_Texts] ([Question], [OptionId], [Language], [OptionText]) VALUES (6, 1, 0, N'My superior promotes my according to my skills')
INSERT [dbo].[LibraryOptions_Texts] ([Question], [OptionId], [Language], [OptionText]) VALUES (6, 1, 19, N'Моят най-високо насърчава ми според моите умения')
INSERT [dbo].[LibraryOptions_Texts] ([Question], [OptionId], [Language], [OptionText]) VALUES (6, 1, 33, N'My superior promotes my according to my skills')
INSERT [dbo].[LibraryOptions_Texts] ([Question], [OptionId], [Language], [OptionText]) VALUES (6, 1, 38, N'Mon supérieur favorise mon selon mes compétences')
INSERT [dbo].[LibraryOptions_Texts] ([Question], [OptionId], [Language], [OptionText]) VALUES (6, 1, 42, N'Mein Vorgesetzter fördert meine nach meinen Fähigkeiten')
INSERT [dbo].[LibraryOptions_Texts] ([Question], [OptionId], [Language], [OptionText]) VALUES (6, 1, 43, N'Ο προιστάμενός μου με προωθεί σύμφωνα με τις ικανότητές μου')
INSERT [dbo].[LibraryOptions_Texts] ([Question], [OptionId], [Language], [OptionText]) VALUES (6, 1, 101, N'Мой начальник способствует Мои соответствии с моими навыками')
INSERT [dbo].[LibraryOptions_Texts] ([Question], [OptionId], [Language], [OptionText]) VALUES (6, 2, 0, N'My superior gives me frank and honest feedback ')
INSERT [dbo].[LibraryOptions_Texts] ([Question], [OptionId], [Language], [OptionText]) VALUES (6, 2, 19, N'My superior gives me frank and honest feedback ')
INSERT [dbo].[LibraryOptions_Texts] ([Question], [OptionId], [Language], [OptionText]) VALUES (6, 2, 33, N'My superior gives me frank and honest feedback ')
INSERT [dbo].[LibraryOptions_Texts] ([Question], [OptionId], [Language], [OptionText]) VALUES (6, 2, 38, N'My superior gives me frank and honest feedback ')
INSERT [dbo].[LibraryOptions_Texts] ([Question], [OptionId], [Language], [OptionText]) VALUES (6, 2, 42, N'My superior gives me frank and honest feedback ')
INSERT [dbo].[LibraryOptions_Texts] ([Question], [OptionId], [Language], [OptionText]) VALUES (6, 2, 43, N'My superior gives me frank and honest feedback ')
INSERT [dbo].[LibraryOptions_Texts] ([Question], [OptionId], [Language], [OptionText]) VALUES (6, 2, 101, N'My superior gives me frank and honest feedback ')
INSERT [dbo].[LibraryOptions_Texts] ([Question], [OptionId], [Language], [OptionText]) VALUES (6, 3, 0, N'My superior assesses my performance in a fair way ')
INSERT [dbo].[LibraryOptions_Texts] ([Question], [OptionId], [Language], [OptionText]) VALUES (6, 3, 19, N'My superior assesses my performance in a fair way ')
INSERT [dbo].[LibraryOptions_Texts] ([Question], [OptionId], [Language], [OptionText]) VALUES (6, 3, 33, N'My superior assesses my performance in a fair way ')
INSERT [dbo].[LibraryOptions_Texts] ([Question], [OptionId], [Language], [OptionText]) VALUES (6, 3, 38, N'My superior assesses my performance in a fair way ')
INSERT [dbo].[LibraryOptions_Texts] ([Question], [OptionId], [Language], [OptionText]) VALUES (6, 3, 42, N'My superior assesses my performance in a fair way ')
INSERT [dbo].[LibraryOptions_Texts] ([Question], [OptionId], [Language], [OptionText]) VALUES (6, 3, 43, N'My superior assesses my performance in a fair way ')
INSERT [dbo].[LibraryOptions_Texts] ([Question], [OptionId], [Language], [OptionText]) VALUES (6, 3, 101, N'My superior assesses my performance in a fair way ')
INSERT [dbo].[LibraryOptions_Texts] ([Question], [OptionId], [Language], [OptionText]) VALUES (6, 4, 0, N'My superior encourages me sufficiantly ')
INSERT [dbo].[LibraryOptions_Texts] ([Question], [OptionId], [Language], [OptionText]) VALUES (6, 4, 19, N'My superior encourages me sufficiantly ')
INSERT [dbo].[LibraryOptions_Texts] ([Question], [OptionId], [Language], [OptionText]) VALUES (6, 4, 33, N'My superior encourages me sufficiantly ')
INSERT [dbo].[LibraryOptions_Texts] ([Question], [OptionId], [Language], [OptionText]) VALUES (6, 4, 38, N'My superior encourages me sufficiantly ')
INSERT [dbo].[LibraryOptions_Texts] ([Question], [OptionId], [Language], [OptionText]) VALUES (6, 4, 42, N'My superior encourages me sufficiantly ')
INSERT [dbo].[LibraryOptions_Texts] ([Question], [OptionId], [Language], [OptionText]) VALUES (6, 4, 43, N'My superior encourages me sufficiantly ')
INSERT [dbo].[LibraryOptions_Texts] ([Question], [OptionId], [Language], [OptionText]) VALUES (6, 4, 101, N'My superior encourages me sufficiantly ')
	INSERT [dbo].[LibraryColumns] ([Question], [ColumnId], [DisplayOrder], [AttributeFlags]) VALUES (6, 1, 1, 0)
	INSERT [dbo].[LibraryColumns] ([Question], [ColumnId], [DisplayOrder], [AttributeFlags]) VALUES (6, 2, 2, 0)
	INSERT [dbo].[LibraryColumns] ([Question], [ColumnId], [DisplayOrder], [AttributeFlags]) VALUES (6, 3, 3, 0)
	INSERT [dbo].[LibraryColumns] ([Question], [ColumnId], [DisplayOrder], [AttributeFlags]) VALUES (6, 4, 4, 0)
	INSERT [dbo].[LibraryColumns] ([Question], [ColumnId], [DisplayOrder], [AttributeFlags]) VALUES (6, 5, 5, 0)
	INSERT [dbo].[LibraryColumns_Texts] ([Question], [ColumnId], [Language], [ColumnText]) VALUES (6, 1, 0, N'i totally disagree')
	INSERT [dbo].[LibraryColumns_Texts] ([Question], [ColumnId], [Language], [ColumnText]) VALUES (6, 1, 19, N'Напълно съм съгласен')
	INSERT [dbo].[LibraryColumns_Texts] ([Question], [ColumnId], [Language], [ColumnText]) VALUES (6, 1, 33, N'i totally disagree')
	INSERT [dbo].[LibraryColumns_Texts] ([Question], [ColumnId], [Language], [ColumnText]) VALUES (6, 1, 38, N'Je suis totalement en désaccord')
	INSERT [dbo].[LibraryColumns_Texts] ([Question], [ColumnId], [Language], [ColumnText]) VALUES (6, 1, 42, N'ich überhaupt nicht zustimmen')
	INSERT [dbo].[LibraryColumns_Texts] ([Question], [ColumnId], [Language], [ColumnText]) VALUES (6, 1, 43, N'Διαφωνώ πλήρως')
	INSERT [dbo].[LibraryColumns_Texts] ([Question], [ColumnId], [Language], [ColumnText]) VALUES (6, 1, 101, N'я категорически не согласен')
	INSERT [dbo].[LibraryColumns_Texts] ([Question], [ColumnId], [Language], [ColumnText]) VALUES (6, 2, 0, N'I disagree')
	INSERT [dbo].[LibraryColumns_Texts] ([Question], [ColumnId], [Language], [ColumnText]) VALUES (6, 2, 19, N'I disagree')
	INSERT [dbo].[LibraryColumns_Texts] ([Question], [ColumnId], [Language], [ColumnText]) VALUES (6, 2, 33, N'I disagree')
	INSERT [dbo].[LibraryColumns_Texts] ([Question], [ColumnId], [Language], [ColumnText]) VALUES (6, 2, 38, N'I disagree')
	INSERT [dbo].[LibraryColumns_Texts] ([Question], [ColumnId], [Language], [ColumnText]) VALUES (6, 2, 42, N'I disagree')
	INSERT [dbo].[LibraryColumns_Texts] ([Question], [ColumnId], [Language], [ColumnText]) VALUES (6, 2, 43, N'I disagree')
	INSERT [dbo].[LibraryColumns_Texts] ([Question], [ColumnId], [Language], [ColumnText]) VALUES (6, 2, 101, N'I disagree')
	INSERT [dbo].[LibraryColumns_Texts] ([Question], [ColumnId], [Language], [ColumnText]) VALUES (6, 3, 0, N'I partly agree')
	INSERT [dbo].[LibraryColumns_Texts] ([Question], [ColumnId], [Language], [ColumnText]) VALUES (6, 3, 19, N'I partly agree')
	INSERT [dbo].[LibraryColumns_Texts] ([Question], [ColumnId], [Language], [ColumnText]) VALUES (6, 3, 33, N'I partly agree')
	INSERT [dbo].[LibraryColumns_Texts] ([Question], [ColumnId], [Language], [ColumnText]) VALUES (6, 3, 38, N'I partly agree')
	INSERT [dbo].[LibraryColumns_Texts] ([Question], [ColumnId], [Language], [ColumnText]) VALUES (6, 3, 42, N'I partly agree')
	INSERT [dbo].[LibraryColumns_Texts] ([Question], [ColumnId], [Language], [ColumnText]) VALUES (6, 3, 43, N'I partly agree')
	INSERT [dbo].[LibraryColumns_Texts] ([Question], [ColumnId], [Language], [ColumnText]) VALUES (6, 3, 101, N'I partly agree')
	INSERT [dbo].[LibraryColumns_Texts] ([Question], [ColumnId], [Language], [ColumnText]) VALUES (6, 4, 0, N'I agree ')
	INSERT [dbo].[LibraryColumns_Texts] ([Question], [ColumnId], [Language], [ColumnText]) VALUES (6, 4, 19, N'I agree ')
	INSERT [dbo].[LibraryColumns_Texts] ([Question], [ColumnId], [Language], [ColumnText]) VALUES (6, 4, 33, N'I agree ')
	INSERT [dbo].[LibraryColumns_Texts] ([Question], [ColumnId], [Language], [ColumnText]) VALUES (6, 4, 38, N'I agree ')
	INSERT [dbo].[LibraryColumns_Texts] ([Question], [ColumnId], [Language], [ColumnText]) VALUES (6, 4, 42, N'I agree ')
	INSERT [dbo].[LibraryColumns_Texts] ([Question], [ColumnId], [Language], [ColumnText]) VALUES (6, 4, 43, N'I agree ')
	INSERT [dbo].[LibraryColumns_Texts] ([Question], [ColumnId], [Language], [ColumnText]) VALUES (6, 4, 101, N'I agree ')
	INSERT [dbo].[LibraryColumns_Texts] ([Question], [ColumnId], [Language], [ColumnText]) VALUES (6, 5, 0, N'I absolutely agree ')
	INSERT [dbo].[LibraryColumns_Texts] ([Question], [ColumnId], [Language], [ColumnText]) VALUES (6, 5, 19, N'I absolutely agree ')
	INSERT [dbo].[LibraryColumns_Texts] ([Question], [ColumnId], [Language], [ColumnText]) VALUES (6, 5, 33, N'I absolutely agree ')
	INSERT [dbo].[LibraryColumns_Texts] ([Question], [ColumnId], [Language], [ColumnText]) VALUES (6, 5, 38, N'I absolutely agree ')
	INSERT [dbo].[LibraryColumns_Texts] ([Question], [ColumnId], [Language], [ColumnText]) VALUES (6, 5, 42, N'I absolutely agree ')
	INSERT [dbo].[LibraryColumns_Texts] ([Question], [ColumnId], [Language], [ColumnText]) VALUES (6, 5, 43, N'I absolutely agree ')
	INSERT [dbo].[LibraryColumns_Texts] ([Question], [ColumnId], [Language], [ColumnText]) VALUES (6, 5, 101, N'I absolutely agree ')


SET IDENTITY_INSERT [dbo].[LibraryQuestions] OFF











